Year,%
2012,0.002803319
2013,0.006978854
2014,0.016555606
2015,0.047236018
2016,0.104221636
2017,0.213103905
2018,0.383255113
2019,0.647075794
2020,0.927535445
2021,1.360648219
2022,1.579617834
2023,1.915598028
2024,2.404674945
2025,2.687050517
