Year,ktCO2e
2005,194.0913301
2006,196.2332263
2007,184.33887
2008,187.1938338
2009,179.3225762
2010,190.195063
2011,176.5454888
2012,189.7151926
2013,191.3872058
2014,163.6846849
2015,153.954636
2016,130.88374
2017,133.2139284
2018,107.2563049
2019,102.600272
2020,98.2701583
2021,111.990986
2022,100.1454696
2023,96.64293182
